host,app,status
S-DC-EXC0101,OWA,ok
S-DC-EXC0101,MAPI,ok
S-DC-EXC0101,RPC,ok
S-DC-EXC0101,Autodiscover,ok
S-DC-EXC0101,Powershell,ok
S-DC-EXC0101,EWS,ok
S-DC-EXC0101,ECP,ok
S-DC-EXC0101,OAB,ok
S-DC-EXC0101,Services,ok
S-DC-EXC0101,Replication,ok
S-DC-EXC0101,MRS,ok
S-DC-EXC0101,MAPI-Connectivity,ok
S-DC-EXC0101,Maintenance,ok
S-DC-EXC0101,Active DBs,ok
S-DC-EXC0101,Passive DBs,ok
S-DC-EXC0101,Disks,ok
S-DC-EXC0101,BitLocker,ok
S-DC-EXC0101,Anti-Malware,ok
S-DC-EXC0101,PendingReboot,ok
S-DC-EXC0102,OWA,ok
S-DC-EXC0102,MAPI,ok
S-DC-EXC0102,RPC,ok
S-DC-EXC0102,Autodiscover,ok
S-DC-EXC0102,Powershell,ok
S-DC-EXC0102,EWS,ok
S-DC-EXC0102,ECP,ok
S-DC-EXC0102,OAB,ok
S-DC-EXC0102,Services,ok
S-DC-EXC0102,Replication,ok
S-DC-EXC0102,MRS,ok
S-DC-EXC0102,MAPI-Connectivity,ok
S-DC-EXC0102,Maintenance,ok
S-DC-EXC0102,Active DBs,ok
S-DC-EXC0102,Passive DBs,ok
S-DC-EXC0102,Disks,ok
S-DC-EXC0102,BitLocker,ok
S-DC-EXC0102,Anti-Malware,ok
S-DC-EXC0102,PendingReboot,ok
S-DC-EXC0103,OWA,ok
S-DC-EXC0103,MAPI,ok
S-DC-EXC0103,RPC,ok
S-DC-EXC0103,Autodiscover,ok
S-DC-EXC0103,Powershell,ok
S-DC-EXC0103,EWS,ok
S-DC-EXC0103,ECP,ok
S-DC-EXC0103,OAB,ok
S-DC-EXC0103,Services,ok
S-DC-EXC0103,Replication,ok
S-DC-EXC0103,MRS,ok
S-DC-EXC0103,MAPI-Connectivity,ok
S-DC-EXC0103,Maintenance,ok
S-DC-EXC0103,Active DBs,ok
S-DC-EXC0103,Passive DBs,ok
S-DC-EXC0103,Disks,ok
S-DC-EXC0103,BitLocker,ok
S-DC-EXC0103,Anti-Malware,ok
S-DC-EXC0103,PendingReboot,ok
S-DC-EXC0104,OWA,ok
S-DC-EXC0104,MAPI,ok
S-DC-EXC0104,RPC,ok
S-DC-EXC0104,Autodiscover,ok
S-DC-EXC0104,Powershell,ok
S-DC-EXC0104,EWS,ok
S-DC-EXC0104,ECP,ok
S-DC-EXC0104,OAB,ok
S-DC-EXC0104,Services,ok
S-DC-EXC0104,Replication,ok
S-DC-EXC0104,MRS,ok
S-DC-EXC0104,MAPI-Connectivity,ok
S-DC-EXC0104,Maintenance,ok
S-DC-EXC0104,Active DBs,no
S-DC-EXC0104,Passive DBs,ok
S-DC-EXC0104,Disks,no
S-DC-EXC0104,BitLocker,ok
S-DC-EXC0104,Anti-Malware,ok
S-DC-EXC0104,PendingReboot,ok
S-DC-EXC0105,OWA,ok
S-DC-EXC0105,MAPI,ok
S-DC-EXC0105,RPC,ok
S-DC-EXC0105,Autodiscover,ok
S-DC-EXC0105,Powershell,ok
S-DC-EXC0105,EWS,ok
S-DC-EXC0105,ECP,ok
S-DC-EXC0105,OAB,ok
S-DC-EXC0105,Services,ok
S-DC-EXC0105,Replication,ok
S-DC-EXC0105,MRS,ok
S-DC-EXC0105,MAPI-Connectivity,ok
S-DC-EXC0105,Maintenance,ok
S-DC-EXC0105,Active DBs,ok
S-DC-EXC0105,Passive DBs,ok
S-DC-EXC0105,Disks,ok
S-DC-EXC0105,BitLocker,ok
S-DC-EXC0105,Anti-Malware,ok
S-DC-EXC0105,PendingReboot,ok
S-DC-EXC0106,OWA,ok
S-DC-EXC0106,MAPI,ok
S-DC-EXC0106,RPC,ok
S-DC-EXC0106,Autodiscover,ok
S-DC-EXC0106,Powershell,ok
S-DC-EXC0106,EWS,ok
S-DC-EXC0106,ECP,ok
S-DC-EXC0106,OAB,ok
S-DC-EXC0106,Services,ok
S-DC-EXC0106,Replication,ok
S-DC-EXC0106,MRS,ok
S-DC-EXC0106,MAPI-Connectivity,ok
S-DC-EXC0106,Maintenance,ok
S-DC-EXC0106,Active DBs,ok
S-DC-EXC0106,Passive DBs,ok
S-DC-EXC0106,Disks,ok
S-DC-EXC0106,BitLocker,ok
S-DC-EXC0106,Anti-Malware,ok
S-DC-EXC0106,PendingReboot,ok
S-DC-EXC0107,OWA,ok
S-DC-EXC0107,MAPI,ok
S-DC-EXC0107,RPC,ok
S-DC-EXC0107,Autodiscover,ok
S-DC-EXC0107,Powershell,ok
S-DC-EXC0107,EWS,ok
S-DC-EXC0107,ECP,ok
S-DC-EXC0107,OAB,ok
S-DC-EXC0107,Services,ok
S-DC-EXC0107,Replication,ok
S-DC-EXC0107,MRS,ok
S-DC-EXC0107,MAPI-Connectivity,ok
S-DC-EXC0107,Maintenance,ok
S-DC-EXC0107,Active DBs,ok
S-DC-EXC0107,Passive DBs,ok
S-DC-EXC0107,Disks,ok
S-DC-EXC0107,BitLocker,ok
S-DC-EXC0107,Anti-Malware,ok
S-DC-EXC0107,PendingReboot,ok
S-DC-EXC0108,OWA,ok
S-DC-EXC0108,MAPI,ok
S-DC-EXC0108,RPC,ok
S-DC-EXC0108,Autodiscover,ok
S-DC-EXC0108,Powershell,ok
S-DC-EXC0108,EWS,ok
S-DC-EXC0108,ECP,ok
S-DC-EXC0108,OAB,ok
S-DC-EXC0108,Services,ok
S-DC-EXC0108,Replication,ok
S-DC-EXC0108,MRS,ok
S-DC-EXC0108,MAPI-Connectivity,ok
S-DC-EXC0108,Maintenance,ok
S-DC-EXC0108,Active DBs,ok
S-DC-EXC0108,Passive DBs,ok
S-DC-EXC0108,Disks,ok
S-DC-EXC0108,BitLocker,ok
S-DC-EXC0108,Anti-Malware,ok
S-DC-EXC0108,PendingReboot,ok
S-DC-EXC0201,OWA,ok
S-DC-EXC0201,MAPI,ok
S-DC-EXC0201,RPC,ok
S-DC-EXC0201,Autodiscover,ok
S-DC-EXC0201,Powershell,ok
S-DC-EXC0201,EWS,ok
S-DC-EXC0201,ECP,ok
S-DC-EXC0201,OAB,ok
S-DC-EXC0201,Services,ok
S-DC-EXC0201,Replication,ok
S-DC-EXC0201,MRS,ok
S-DC-EXC0201,MAPI-Connectivity,ok
S-DC-EXC0201,Maintenance,ok
S-DC-EXC0201,Active DBs,ok
S-DC-EXC0201,Passive DBs,ok
S-DC-EXC0201,Disks,ok
S-DC-EXC0201,BitLocker,ok
S-DC-EXC0201,Anti-Malware,ok
S-DC-EXC0201,PendingReboot,ok
S-DC-EXC0202,OWA,no
S-DC-EXC0202,MAPI,ok
S-DC-EXC0202,RPC,ok
S-DC-EXC0202,Autodiscover,ok
S-DC-EXC0202,Powershell,ok
S-DC-EXC0202,EWS,ok
S-DC-EXC0202,ECP,ok
S-DC-EXC0202,OAB,ok
S-DC-EXC0202,Services,ok
S-DC-EXC0202,Replication,ok
S-DC-EXC0202,MRS,ok
S-DC-EXC0202,MAPI-Connectivity,ok
S-DC-EXC0202,Maintenance,no
S-DC-EXC0202,Active DBs,ok
S-DC-EXC0202,Passive DBs,ok
S-DC-EXC0202,Disks,ok
S-DC-EXC0202,BitLocker,ok
S-DC-EXC0202,Anti-Malware,ok
S-DC-EXC0202,PendingReboot,ok
S-DC-EXC0203,OWA,ok
S-DC-EXC0203,MAPI,ok
S-DC-EXC0203,RPC,ok
S-DC-EXC0203,Autodiscover,ok
S-DC-EXC0203,Powershell,ok
S-DC-EXC0203,EWS,ok
S-DC-EXC0203,ECP,ok
S-DC-EXC0203,OAB,ok
S-DC-EXC0203,Services,ok
S-DC-EXC0203,Replication,no
S-DC-EXC0203,MRS,no
S-DC-EXC0203,MAPI-Connectivity,ok
S-DC-EXC0203,Maintenance,ok
S-DC-EXC0203,Active DBs,ok
S-DC-EXC0203,Passive DBs,ok
S-DC-EXC0203,Disks,ok
S-DC-EXC0203,BitLocker,ok
S-DC-EXC0203,Anti-Malware,ok
S-DC-EXC0203,PendingReboot,ok
S-DC-EXC0204,OWA,ok
S-DC-EXC0204,MAPI,ok
S-DC-EXC0204,RPC,ok
S-DC-EXC0204,Autodiscover,ok
S-DC-EXC0204,Powershell,ok
S-DC-EXC0204,EWS,ok
S-DC-EXC0204,ECP,ok
S-DC-EXC0204,OAB,ok
S-DC-EXC0204,Services,ok
S-DC-EXC0204,Replication,ok
S-DC-EXC0204,MRS,ok
S-DC-EXC0204,MAPI-Connectivity,ok
S-DC-EXC0204,Maintenance,ok
S-DC-EXC0204,Active DBs,ok
S-DC-EXC0204,Passive DBs,ok
S-DC-EXC0204,Disks,ok
S-DC-EXC0204,BitLocker,ok
S-DC-EXC0204,Anti-Malware,ok
S-DC-EXC0204,PendingReboot,ok
S-DC-EXC0205,OWA,ok
S-DC-EXC0205,MAPI,ok
S-DC-EXC0205,RPC,ok
S-DC-EXC0205,Autodiscover,ok
S-DC-EXC0205,Powershell,ok
S-DC-EXC0205,EWS,ok
S-DC-EXC0205,ECP,ok
S-DC-EXC0205,OAB,ok
S-DC-EXC0205,Services,ok
S-DC-EXC0205,Replication,ok
S-DC-EXC0205,MRS,ok
S-DC-EXC0205,MAPI-Connectivity,ok
S-DC-EXC0205,Maintenance,ok
S-DC-EXC0205,Active DBs,ok
S-DC-EXC0205,Passive DBs,ok
S-DC-EXC0205,Disks,ok
S-DC-EXC0205,BitLocker,ok
S-DC-EXC0205,Anti-Malware,ok
S-DC-EXC0205,PendingReboot,ok
S-DC-EXC0206,OWA,ok
S-DC-EXC0206,MAPI,ok
S-DC-EXC0206,RPC,ok
S-DC-EXC0206,Autodiscover,ok
S-DC-EXC0206,Powershell,ok
S-DC-EXC0206,EWS,ok
S-DC-EXC0206,ECP,ok
S-DC-EXC0206,OAB,ok
S-DC-EXC0206,Services,ok
S-DC-EXC0206,Replication,ok
S-DC-EXC0206,MRS,ok
S-DC-EXC0206,MAPI-Connectivity,ok
S-DC-EXC0206,Maintenance,ok
S-DC-EXC0206,Active DBs,ok
S-DC-EXC0206,Passive DBs,ok
S-DC-EXC0206,Disks,ok
S-DC-EXC0206,BitLocker,ok
S-DC-EXC0206,Anti-Malware,no
S-DC-EXC0206,PendingReboot,ok
S-DC-EXC0207,OWA,ok
S-DC-EXC0207,MAPI,ok
S-DC-EXC0207,RPC,ok
S-DC-EXC0207,Autodiscover,ok
S-DC-EXC0207,Powershell,ok
S-DC-EXC0207,EWS,ok
S-DC-EXC0207,ECP,ok
S-DC-EXC0207,OAB,ok
S-DC-EXC0207,Services,ok
S-DC-EXC0207,Replication,ok
S-DC-EXC0207,MRS,ok
S-DC-EXC0207,MAPI-Connectivity,ok
S-DC-EXC0207,Maintenance,ok
S-DC-EXC0207,Active DBs,ok
S-DC-EXC0207,Passive DBs,ok
S-DC-EXC0207,Disks,ok
S-DC-EXC0207,BitLocker,ok
S-DC-EXC0207,Anti-Malware,ok
S-DC-EXC0207,PendingReboot,ok
S-DC-EXC0208,OWA,ok
S-DC-EXC0208,MAPI,ok
S-DC-EXC0208,RPC,ok
S-DC-EXC0208,Autodiscover,ok
S-DC-EXC0208,Powershell,ok
S-DC-EXC0208,EWS,ok
S-DC-EXC0208,ECP,ok
S-DC-EXC0208,OAB,ok
S-DC-EXC0208,Services,no
S-DC-EXC0208,Replication,ok
S-DC-EXC0208,MRS,ok
S-DC-EXC0208,MAPI-Connectivity,ok
S-DC-EXC0208,Maintenance,ok
S-DC-EXC0208,Active DBs,ok
S-DC-EXC0208,Passive DBs,ok
S-DC-EXC0208,Disks,no
S-DC-EXC0208,BitLocker,ok
S-DC-EXC0208,Anti-Malware,ok
S-DC-EXC0208,PendingReboot,ok
S-DC-EXC0301,OWA,ok
S-DC-EXC0301,MAPI,ok
S-DC-EXC0301,RPC,ok
S-DC-EXC0301,Autodiscover,ok
S-DC-EXC0301,Powershell,ok
S-DC-EXC0301,EWS,ok
S-DC-EXC0301,ECP,ok
S-DC-EXC0301,OAB,ok
S-DC-EXC0301,Services,ok
S-DC-EXC0301,Replication,ok
S-DC-EXC0301,MRS,ok
S-DC-EXC0301,MAPI-Connectivity,ok
S-DC-EXC0301,Maintenance,ok
S-DC-EXC0301,Active DBs,ok
S-DC-EXC0301,Passive DBs,ok
S-DC-EXC0301,Disks,ok
S-DC-EXC0301,BitLocker,ok
S-DC-EXC0301,Anti-Malware,ok
S-DC-EXC0301,PendingReboot,ok
S-DC-EXC0302,OWA,ok
S-DC-EXC0302,MAPI,ok
S-DC-EXC0302,RPC,ok
S-DC-EXC0302,Autodiscover,ok
S-DC-EXC0302,Powershell,ok
S-DC-EXC0302,EWS,ok
S-DC-EXC0302,ECP,ok
S-DC-EXC0302,OAB,ok
S-DC-EXC0302,Services,ok
S-DC-EXC0302,Replication,ok
S-DC-EXC0302,MRS,ok
S-DC-EXC0302,MAPI-Connectivity,ok
S-DC-EXC0302,Maintenance,ok
S-DC-EXC0302,Active DBs,ok
S-DC-EXC0302,Passive DBs,ok
S-DC-EXC0302,Disks,ok
S-DC-EXC0302,BitLocker,ok
S-DC-EXC0302,Anti-Malware,ok
S-DC-EXC0302,PendingReboot,ok
S-DC-EXC0303,OWA,ok
S-DC-EXC0303,MAPI,ok
S-DC-EXC0303,RPC,ok
S-DC-EXC0303,Autodiscover,ok
S-DC-EXC0303,Powershell,ok
S-DC-EXC0303,EWS,ok
S-DC-EXC0303,ECP,ok
S-DC-EXC0303,OAB,ok
S-DC-EXC0303,Services,ok
S-DC-EXC0303,Replication,ok
S-DC-EXC0303,MRS,ok
S-DC-EXC0303,MAPI-Connectivity,ok
S-DC-EXC0303,Maintenance,ok
S-DC-EXC0303,Active DBs,ok
S-DC-EXC0303,Passive DBs,ok
S-DC-EXC0303,Disks,ok
S-DC-EXC0303,BitLocker,ok
S-DC-EXC0303,Anti-Malware,ok
S-DC-EXC0303,PendingReboot,ok
S-DC-EXC0304,OWA,ok
S-DC-EXC0304,MAPI,ok
S-DC-EXC0304,RPC,ok
S-DC-EXC0304,Autodiscover,ok
S-DC-EXC0304,Powershell,ok
S-DC-EXC0304,EWS,ok
S-DC-EXC0304,ECP,ok
S-DC-EXC0304,OAB,ok
S-DC-EXC0304,Services,no
S-DC-EXC0304,Replication,ok
S-DC-EXC0304,MRS,ok
S-DC-EXC0304,MAPI-Connectivity,ok
S-DC-EXC0304,Maintenance,ok
S-DC-EXC0304,Active DBs,ok
S-DC-EXC0304,Passive DBs,ok
S-DC-EXC0304,Disks,ok
S-DC-EXC0304,BitLocker,ok
S-DC-EXC0304,Anti-Malware,ok
S-DC-EXC0304,PendingReboot,ok
S-DC-EXC0305,OWA,ok
S-DC-EXC0305,MAPI,ok
S-DC-EXC0305,RPC,ok
S-DC-EXC0305,Autodiscover,no
S-DC-EXC0305,Powershell,ok
S-DC-EXC0305,EWS,ok
S-DC-EXC0305,ECP,no
S-DC-EXC0305,OAB,ok
S-DC-EXC0305,Services,ok
S-DC-EXC0305,Replication,ok
S-DC-EXC0305,MRS,ok
S-DC-EXC0305,MAPI-Connectivity,ok
S-DC-EXC0305,Maintenance,ok
S-DC-EXC0305,Active DBs,ok
S-DC-EXC0305,Passive DBs,ok
S-DC-EXC0305,Disks,ok
S-DC-EXC0305,BitLocker,ok
S-DC-EXC0305,Anti-Malware,ok
S-DC-EXC0305,PendingReboot,ok
S-DC-EXC0306,OWA,ok
S-DC-EXC0306,MAPI,ok
S-DC-EXC0306,RPC,ok
S-DC-EXC0306,Autodiscover,ok
S-DC-EXC0306,Powershell,ok
S-DC-EXC0306,EWS,ok
S-DC-EXC0306,ECP,ok
S-DC-EXC0306,OAB,ok
S-DC-EXC0306,Services,ok
S-DC-EXC0306,Replication,ok
S-DC-EXC0306,MRS,ok
S-DC-EXC0306,MAPI-Connectivity,ok
S-DC-EXC0306,Maintenance,ok
S-DC-EXC0306,Active DBs,ok
S-DC-EXC0306,Passive DBs,ok
S-DC-EXC0306,Disks,ok
S-DC-EXC0306,BitLocker,ok
S-DC-EXC0306,Anti-Malware,ok
S-DC-EXC0306,PendingReboot,ok
S-DC-EXC0307,OWA,ok
S-DC-EXC0307,MAPI,no
S-DC-EXC0307,RPC,ok
S-DC-EXC0307,Autodiscover,ok
S-DC-EXC0307,Powershell,ok
S-DC-EXC0307,EWS,ok
S-DC-EXC0307,ECP,ok
S-DC-EXC0307,OAB,ok
S-DC-EXC0307,Services,ok
S-DC-EXC0307,Replication,ok
S-DC-EXC0307,MRS,ok
S-DC-EXC0307,MAPI-Connectivity,ok
S-DC-EXC0307,Maintenance,ok
S-DC-EXC0307,Active DBs,ok
S-DC-EXC0307,Passive DBs,ok
S-DC-EXC0307,Disks,ok
S-DC-EXC0307,BitLocker,ok
S-DC-EXC0307,Anti-Malware,ok
S-DC-EXC0307,PendingReboot,ok
S-DC-EXC0308,OWA,ok
S-DC-EXC0308,MAPI,ok
S-DC-EXC0308,RPC,ok
S-DC-EXC0308,Autodiscover,ok
S-DC-EXC0308,Powershell,no
S-DC-EXC0308,EWS,ok
S-DC-EXC0308,ECP,ok
S-DC-EXC0308,OAB,ok
S-DC-EXC0308,Services,ok
S-DC-EXC0308,Replication,ok
S-DC-EXC0308,MRS,ok
S-DC-EXC0308,MAPI-Connectivity,no
S-DC-EXC0308,Maintenance,ok
S-DC-EXC0308,Active DBs,ok
S-DC-EXC0308,Passive DBs,ok
S-DC-EXC0308,Disks,ok
S-DC-EXC0308,BitLocker,ok
S-DC-EXC0308,Anti-Malware,ok
S-DC-EXC0308,PendingReboot,no
S-DC-EXC0401,OWA,ok
S-DC-EXC0401,MAPI,ok
S-DC-EXC0401,RPC,ok
S-DC-EXC0401,Autodiscover,no
S-DC-EXC0401,Powershell,ok
S-DC-EXC0401,EWS,ok
S-DC-EXC0401,ECP,ok
S-DC-EXC0401,OAB,ok
S-DC-EXC0401,Services,ok
S-DC-EXC0401,Replication,ok
S-DC-EXC0401,MRS,ok
S-DC-EXC0401,MAPI-Connectivity,ok
S-DC-EXC0401,Maintenance,ok
S-DC-EXC0401,Active DBs,ok
S-DC-EXC0401,Passive DBs,ok
S-DC-EXC0401,Disks,ok
S-DC-EXC0401,BitLocker,ok
S-DC-EXC0401,Anti-Malware,ok
S-DC-EXC0401,PendingReboot,ok
S-DC-EXC0402,OWA,ok
S-DC-EXC0402,MAPI,ok
S-DC-EXC0402,RPC,ok
S-DC-EXC0402,Autodiscover,ok
S-DC-EXC0402,Powershell,ok
S-DC-EXC0402,EWS,ok
S-DC-EXC0402,ECP,ok
S-DC-EXC0402,OAB,ok
S-DC-EXC0402,Services,ok
S-DC-EXC0402,Replication,ok
S-DC-EXC0402,MRS,ok
S-DC-EXC0402,MAPI-Connectivity,no
S-DC-EXC0402,Maintenance,ok
S-DC-EXC0402,Active DBs,ok
S-DC-EXC0402,Passive DBs,ok
S-DC-EXC0402,Disks,ok
S-DC-EXC0402,BitLocker,ok
S-DC-EXC0402,Anti-Malware,ok
S-DC-EXC0402,PendingReboot,ok
S-DC-EXC0403,OWA,ok
S-DC-EXC0403,MAPI,ok
S-DC-EXC0403,RPC,ok
S-DC-EXC0403,Autodiscover,no
S-DC-EXC0403,Powershell,ok
S-DC-EXC0403,EWS,ok
S-DC-EXC0403,ECP,ok
S-DC-EXC0403,OAB,no
S-DC-EXC0403,Services,ok
S-DC-EXC0403,Replication,ok
S-DC-EXC0403,MRS,ok
S-DC-EXC0403,MAPI-Connectivity,ok
S-DC-EXC0403,Maintenance,ok
S-DC-EXC0403,Active DBs,no
S-DC-EXC0403,Passive DBs,ok
S-DC-EXC0403,Disks,ok
S-DC-EXC0403,BitLocker,ok
S-DC-EXC0403,Anti-Malware,no
S-DC-EXC0403,PendingReboot,ok
S-DC-EXC0404,OWA,ok
S-DC-EXC0404,MAPI,ok
S-DC-EXC0404,RPC,ok
S-DC-EXC0404,Autodiscover,ok
S-DC-EXC0404,Powershell,ok
S-DC-EXC0404,EWS,ok
S-DC-EXC0404,ECP,ok
S-DC-EXC0404,OAB,ok
S-DC-EXC0404,Services,ok
S-DC-EXC0404,Replication,ok
S-DC-EXC0404,MRS,ok
S-DC-EXC0404,MAPI-Connectivity,ok
S-DC-EXC0404,Maintenance,ok
S-DC-EXC0404,Active DBs,ok
S-DC-EXC0404,Passive DBs,ok
S-DC-EXC0404,Disks,ok
S-DC-EXC0404,BitLocker,ok
S-DC-EXC0404,Anti-Malware,ok
S-DC-EXC0404,PendingReboot,ok
S-DC-EXC0405,OWA,ok
S-DC-EXC0405,MAPI,ok
S-DC-EXC0405,RPC,ok
S-DC-EXC0405,Autodiscover,ok
S-DC-EXC0405,Powershell,ok
S-DC-EXC0405,EWS,ok
S-DC-EXC0405,ECP,ok
S-DC-EXC0405,OAB,ok
S-DC-EXC0405,Services,ok
S-DC-EXC0405,Replication,ok
S-DC-EXC0405,MRS,ok
S-DC-EXC0405,MAPI-Connectivity,ok
S-DC-EXC0405,Maintenance,ok
S-DC-EXC0405,Active DBs,ok
S-DC-EXC0405,Passive DBs,ok
S-DC-EXC0405,Disks,ok
S-DC-EXC0405,BitLocker,no
S-DC-EXC0405,Anti-Malware,ok
S-DC-EXC0405,PendingReboot,ok
S-DC-EXC0406,OWA,ok
S-DC-EXC0406,MAPI,ok
S-DC-EXC0406,RPC,no
S-DC-EXC0406,Autodiscover,ok
S-DC-EXC0406,Powershell,ok
S-DC-EXC0406,EWS,ok
S-DC-EXC0406,ECP,ok
S-DC-EXC0406,OAB,no
S-DC-EXC0406,Services,ok
S-DC-EXC0406,Replication,ok
S-DC-EXC0406,MRS,ok
S-DC-EXC0406,MAPI-Connectivity,no
S-DC-EXC0406,Maintenance,ok
S-DC-EXC0406,Active DBs,ok
S-DC-EXC0406,Passive DBs,ok
S-DC-EXC0406,Disks,ok
S-DC-EXC0406,BitLocker,ok
S-DC-EXC0406,Anti-Malware,ok
S-DC-EXC0406,PendingReboot,ok
S-DC-EXC0407,OWA,ok
S-DC-EXC0407,MAPI,ok
S-DC-EXC0407,RPC,ok
S-DC-EXC0407,Autodiscover,ok
S-DC-EXC0407,Powershell,ok
S-DC-EXC0407,EWS,ok
S-DC-EXC0407,ECP,ok
S-DC-EXC0407,OAB,ok
S-DC-EXC0407,Services,ok
S-DC-EXC0407,Replication,ok
S-DC-EXC0407,MRS,ok
S-DC-EXC0407,MAPI-Connectivity,ok
S-DC-EXC0407,Maintenance,ok
S-DC-EXC0407,Active DBs,ok
S-DC-EXC0407,Passive DBs,ok
S-DC-EXC0407,Disks,ok
S-DC-EXC0407,BitLocker,ok
S-DC-EXC0407,Anti-Malware,no
S-DC-EXC0407,PendingReboot,ok
S-DC-EXC0408,OWA,no
S-DC-EXC0408,MAPI,ok
S-DC-EXC0408,RPC,ok
S-DC-EXC0408,Autodiscover,ok
S-DC-EXC0408,Powershell,ok
S-DC-EXC0408,EWS,ok
S-DC-EXC0408,ECP,ok
S-DC-EXC0408,OAB,ok
S-DC-EXC0408,Services,ok
S-DC-EXC0408,Replication,ok
S-DC-EXC0408,MRS,ok
S-DC-EXC0408,MAPI-Connectivity,ok
S-DC-EXC0408,Maintenance,ok
S-DC-EXC0408,Active DBs,ok
S-DC-EXC0408,Passive DBs,ok
S-DC-EXC0408,Disks,ok
S-DC-EXC0408,BitLocker,ok
S-DC-EXC0408,Anti-Malware,ok
S-DC-EXC0408,PendingReboot,ok
S-DC-EXC0501,OWA,no
S-DC-EXC0501,MAPI,ok
S-DC-EXC0501,RPC,ok
S-DC-EXC0501,Autodiscover,ok
S-DC-EXC0501,Powershell,ok
S-DC-EXC0501,EWS,ok
S-DC-EXC0501,ECP,ok
S-DC-EXC0501,OAB,ok
S-DC-EXC0501,Services,ok
S-DC-EXC0501,Replication,ok
S-DC-EXC0501,MRS,ok
S-DC-EXC0501,MAPI-Connectivity,no
S-DC-EXC0501,Maintenance,ok
S-DC-EXC0501,Active DBs,ok
S-DC-EXC0501,Passive DBs,ok
S-DC-EXC0501,Disks,ok
S-DC-EXC0501,BitLocker,ok
S-DC-EXC0501,Anti-Malware,ok
S-DC-EXC0501,PendingReboot,ok
S-DC-EXC0502,OWA,ok
S-DC-EXC0502,MAPI,ok
S-DC-EXC0502,RPC,ok
S-DC-EXC0502,Autodiscover,ok
S-DC-EXC0502,Powershell,ok
S-DC-EXC0502,EWS,ok
S-DC-EXC0502,ECP,ok
S-DC-EXC0502,OAB,ok
S-DC-EXC0502,Services,ok
S-DC-EXC0502,Replication,ok
S-DC-EXC0502,MRS,ok
S-DC-EXC0502,MAPI-Connectivity,ok
S-DC-EXC0502,Maintenance,ok
S-DC-EXC0502,Active DBs,ok
S-DC-EXC0502,Passive DBs,ok
S-DC-EXC0502,Disks,ok
S-DC-EXC0502,BitLocker,ok
S-DC-EXC0502,Anti-Malware,no
S-DC-EXC0502,PendingReboot,ok
S-DC-EXC0503,OWA,ok
S-DC-EXC0503,MAPI,ok
S-DC-EXC0503,RPC,ok
S-DC-EXC0503,Autodiscover,ok
S-DC-EXC0503,Powershell,ok
S-DC-EXC0503,EWS,ok
S-DC-EXC0503,ECP,ok
S-DC-EXC0503,OAB,ok
S-DC-EXC0503,Services,ok
S-DC-EXC0503,Replication,ok
S-DC-EXC0503,MRS,ok
S-DC-EXC0503,MAPI-Connectivity,ok
S-DC-EXC0503,Maintenance,ok
S-DC-EXC0503,Active DBs,ok
S-DC-EXC0503,Passive DBs,ok
S-DC-EXC0503,Disks,ok
S-DC-EXC0503,BitLocker,no
S-DC-EXC0503,Anti-Malware,ok
S-DC-EXC0503,PendingReboot,ok
S-DC-EXC0504,OWA,ok
S-DC-EXC0504,MAPI,ok
S-DC-EXC0504,RPC,ok
S-DC-EXC0504,Autodiscover,ok
S-DC-EXC0504,Powershell,ok
S-DC-EXC0504,EWS,ok
S-DC-EXC0504,ECP,ok
S-DC-EXC0504,OAB,ok
S-DC-EXC0504,Services,ok
S-DC-EXC0504,Replication,no
S-DC-EXC0504,MRS,ok
S-DC-EXC0504,MAPI-Connectivity,no
S-DC-EXC0504,Maintenance,ok
S-DC-EXC0504,Active DBs,ok
S-DC-EXC0504,Passive DBs,ok
S-DC-EXC0504,Disks,ok
S-DC-EXC0504,BitLocker,ok
S-DC-EXC0504,Anti-Malware,no
S-DC-EXC0504,PendingReboot,ok
S-DC-EXC0505,OWA,ok
S-DC-EXC0505,MAPI,ok
S-DC-EXC0505,RPC,ok
S-DC-EXC0505,Autodiscover,ok
S-DC-EXC0505,Powershell,ok
S-DC-EXC0505,EWS,ok
S-DC-EXC0505,ECP,ok
S-DC-EXC0505,OAB,ok
S-DC-EXC0505,Services,ok
S-DC-EXC0505,Replication,ok
S-DC-EXC0505,MRS,ok
S-DC-EXC0505,MAPI-Connectivity,ok
S-DC-EXC0505,Maintenance,ok
S-DC-EXC0505,Active DBs,ok
S-DC-EXC0505,Passive DBs,ok
S-DC-EXC0505,Disks,ok
S-DC-EXC0505,BitLocker,ok
S-DC-EXC0505,Anti-Malware,ok
S-DC-EXC0505,PendingReboot,ok
S-DC-EXC0506,OWA,ok
S-DC-EXC0506,MAPI,ok
S-DC-EXC0506,RPC,ok
S-DC-EXC0506,Autodiscover,ok
S-DC-EXC0506,Powershell,ok
S-DC-EXC0506,EWS,ok
S-DC-EXC0506,ECP,no
S-DC-EXC0506,OAB,ok
S-DC-EXC0506,Services,ok
S-DC-EXC0506,Replication,ok
S-DC-EXC0506,MRS,ok
S-DC-EXC0506,MAPI-Connectivity,ok
S-DC-EXC0506,Maintenance,ok
S-DC-EXC0506,Active DBs,ok
S-DC-EXC0506,Passive DBs,ok
S-DC-EXC0506,Disks,ok
S-DC-EXC0506,BitLocker,ok
S-DC-EXC0506,Anti-Malware,ok
S-DC-EXC0506,PendingReboot,ok
S-DC-EXC0507,OWA,ok
S-DC-EXC0507,MAPI,ok
S-DC-EXC0507,RPC,ok
S-DC-EXC0507,Autodiscover,ok
S-DC-EXC0507,Powershell,ok
S-DC-EXC0507,EWS,ok
S-DC-EXC0507,ECP,ok
S-DC-EXC0507,OAB,ok
S-DC-EXC0507,Services,ok
S-DC-EXC0507,Replication,ok
S-DC-EXC0507,MRS,ok
S-DC-EXC0507,MAPI-Connectivity,ok
S-DC-EXC0507,Maintenance,ok
S-DC-EXC0507,Active DBs,ok
S-DC-EXC0507,Passive DBs,ok
S-DC-EXC0507,Disks,ok
S-DC-EXC0507,BitLocker,ok
S-DC-EXC0507,Anti-Malware,ok
S-DC-EXC0507,PendingReboot,ok
S-DC-EXC0508,OWA,no
S-DC-EXC0508,MAPI,ok
S-DC-EXC0508,RPC,ok
S-DC-EXC0508,Autodiscover,ok
S-DC-EXC0508,Powershell,no
S-DC-EXC0508,EWS,ok
S-DC-EXC0508,ECP,ok
S-DC-EXC0508,OAB,ok
S-DC-EXC0508,Services,ok
S-DC-EXC0508,Replication,ok
S-DC-EXC0508,MRS,ok
S-DC-EXC0508,MAPI-Connectivity,ok
S-DC-EXC0508,Maintenance,ok
S-DC-EXC0508,Active DBs,ok
S-DC-EXC0508,Passive DBs,ok
S-DC-EXC0508,Disks,ok
S-DC-EXC0508,BitLocker,ok
S-DC-EXC0508,Anti-Malware,ok
S-DC-EXC0508,PendingReboot,ok
